Site,Longitude,Latitude,EastVelocity,NorthVelocity,EastError,NorthError,Correlation,Solution,Speed
ABAD,52.568,31.228,-0.65,13.77,1.54,1.54,0,Raeesi,13.78533279
ABAL,51.986,35.793,-1.09,10.34,0.52,0.51,0.01,Raeesi,10.39729292
ABAR,53.308,31.123,-0.57,13.1,1.55,1.54,0,Raeesi,13.1123949
ABDN,48.2135,30.3778,0.37,20.35,0.12,0.1,0.015,IPGN,20.35336336
ABGR,58.319,32.484,1.46,7.99,1.58,1.58,0.002,Raeesi,8.122296473
ABJN,57.046,31.206,3.06,11.75,1.64,1.64,0.002,Raeesi,12.14191501
ABRK,53.2265,31.1205,-0.34,14.44,0.11,0.13,0.012,IPGN,14.44400222
ABSD,52.0912,35.6612,-1.32,9.21,0.11,0.14,0.013,IPGN,9.304111994
AGKA,48.005,37.169,-0.56,13.04,0.53,0.54,0.012,Raeesi,13.052019
AGRD,43.033,39.718,0.6,8.35,0.81,0.81,-0.005,Reilinger,8.371529132
AHAR,47.0497,38.4682,3.81,11.21,0.16,0.2,0.005,IPGN,11.83977196
AHVZ,48.7444,31.3439,-2.34,17.33,0.1,0.17,0.01,IPGN,17.4872668
AKHT,50.6006,35.5883,-1.52,11.71,0.13,0.1,0.014,IPGN,11.80823865
ALIS,51.082,28.919,0.28,20.79,1.06,1.04,0.009,Raeesi,20.79188544
ALXY,42.961,44.753,3.97,-3.04,0.56,0.57,-0.032,Reilinger,5.000249994
AMIN,52.586,35.701,-1.95,8.55,0.47,0.46,0.01,Raeesi,8.769549589
AMND,46.1552,38.2312,2.33,11.26,0.11,0.12,0.01,IPGN,11.49854339
AMSI,43.768,40.972,1.26,6.42,0.9,0.5,-0.017,Reilinger,6.542476595
ANGN,57.8973,26.4572,0.52,12.38,0.48,0.34,-0.003,IPGN,12.39091603
ARA4,44.679,39.84,2.63,8.07,0.66,0.65,-0.006,Reilinger,8.487744105
ARBI,48.231,38.477,4.6,12.48,0.47,0.46,-0.003,Raeesi,13.3007669
ARDA,53.822,32.313,-1.3,13.8,0.33,0.33,0.01,Raeesi,13.86109664
ARDH,47.6501,37.8288,1.02,12.9,0.15,0.16,0.006,IPGN,12.94026275
ARDH,42.699,41.111,0.47,3.86,0.83,0.83,-0.01,Reilinger,3.888508712
ARDN,42.755,41.126,0.33,4.86,0.41,0.41,-0.029,Reilinger,4.87119082
ARNG,51.0749,35.9284,-1.64,9.45,0.11,0.43,0.003,IPGN,9.591251222
ARTI,43.954,40.609,2.04,6.9,0.41,0.5,-0.027,Reilinger,7.195248432
ARTU,58.5605,56.4298,-0.63,-0.18,0.09,0.09,0.015,IPGN*,0.65520989
ASTG,45.341,40.124,2.45,9.28,1.6,1.11,0,Nocquet,9.597963326
ATTA,50.1,37.156,-0.14,13.5,2.1,2.09,0.03,Raeesi,13.50072591
AWAZ,48.925,31.188,-3.08,20.78,1.68,1.66,0.009,Raeesi,21.00701787
BA07,58.305,29.149,1.81,12.26,1.48,1.47,0.003,Raeesi,12.39288909
BA09,58.428,28.784,6.1,10.51,1.53,1.52,0.003,Raeesi,12.15195869
BA12,58.523,29.137,3.5,8.21,1.13,1.13,0.006,Raeesi,8.924914565
BA13,58.074,29.23,1.78,11.36,1.58,1.58,0.003,Raeesi,11.49860861
BA14,57.94,29.105,5.36,10.38,1.13,1.13,0.006,Raeesi,11.6822087
BA30,57.967,29.316,3.85,10.31,1.13,1.13,0.005,Raeesi,11.00538959
BA31,58.13,29.187,3.01,11.45,1.52,1.5,0.003,Raeesi,11.83902868
BA32,58.141,29.078,3.17,11.88,1.54,1.52,0.003,Raeesi,12.29566184
BA34,58.278,28.944,4.55,10.31,1.62,1.61,0.003,Raeesi,11.26936555
BA35,58.195,28.888,5.42,11.33,1.56,1.54,0.003,Raeesi,12.55966958
BA36,58.469,28.898,3.39,9.45,1.49,1.49,0.004,Raeesi,10.03965139
BA38,58.675,28.96,5.76,8.03,1.15,1.15,0.006,Raeesi,9.882231529
BADA,48.814,36.764,-0.17,11.61,0.36,0.35,0.003,Raeesi,11.61124455
BAFT,56.58,29.2392,1.24,14.48,0.12,0.12,0.013,IPGN,14.53299694
BAGH,55.657,27,4.33,23.67,2.43,2.25,0.031,Raeesi,24.0627887
BAHD,56.0461,31.8407,0.4,12.35,0.1,0.1,0.019,IPGN,12.35647603
BAHR,50.6082,26.2091,3.25,22.12,0.54,0.45,0,IPGN*,22.35747973
BAJE,58.215,34.558,-0.49,6.94,0.56,0.54,-0.004,Raeesi,6.957276766
BAKU,49.814,40.372,3.04,1.21,0.39,0.44,0.001,Reilinger,3.271956601
BALA,44.75,37.534,-3.64,15.82,0.69,0.69,0.003,Raeesi,16.23336071
BAMO,50.98,30.109,-1.31,18.13,1.59,1.57,0,Raeesi,18.17726602
BASH,53.025,35.705,0.32,10.28,0.76,0.78,0,Raeesi,10.28497934
BASK,44.017,38.043,-3.21,15.19,0.9,0.9,-0.026,Reilinger,15.5254694
BAV0,43.782,41.121,1.63,6.75,0.45,0.44,-0.02,Reilinger,6.944019009
BAZ2,60.177,27.865,5.03,3.63,1.61,1.6,0.005,Raeesi,6.203047638
BAZM,60.18,27.865,4.95,3.4,2.23,1.9,0.023,Raeesi,6.005206075
BEBN,50.2169,30.6057,-3.01,18.41,0.11,0.11,0.016,IPGN,18.65444183
BES2,54.832,29.363,-1.09,14.04,0.41,0.41,0.018,Raeesi,14.08224769
BEDI,65.2259,26.4493,5.12,12.37,1.28,1.18,0.035,Frohling,13.38772946
BEUG,42.787,44.011,-0.44,0.71,0.44,0.64,-0.031,Reilinger,0.835284383
BIAJ,55.8052,36.0861,1.1,8.42,0.11,0.12,0.014,IPGN,8.49154874
BIAR,55.906,35.988,1.14,9.36,0.59,0.61,-0.01,Raeesi,9.429167514
BIG2,53.637,27.852,-1.68,15.4,1.32,1.33,0.001,Raeesi,15.49136534
BIJA,47.93,36.232,-1.98,13.59,0.36,0.35,0,Raeesi,13.73348099
BIJD,59.2553,32.9002,0.9,6.99,0.13,0.13,0.012,IPGN,7.047701753
BILE,48.717,39.497,5.85,12.27,0.36,0.35,0.001,Reilinger,13.59321154
BJMI,43.296,41.779,0.92,3.41,0.71,0.77,-0.079,Reilinger,3.53192582
BLDH,51.8287,36.2083,-2.3,10.03,0.21,0.11,0.015,IPGN,10.29033041
BMG2,53.48,26.97,1.97,20.36,1.54,1.56,0.001,Raeesi,20.45508494
BNAB,46.0519,37.3699,-1.43,12.3,0.38,0.72,0,IPGN,12.38284701
BOJD,57.2716,37.4803,-2.36,4.56,0.1,0.11,0.015,IPGN,5.134510687
BOND,50.732,36.623,-1.37,11.28,0.74,0.76,0,Raeesi,11.36289136
BOOM,51.812,35.73,-1.62,10.61,0.36,0.34,0,Raeesi,10.73296324
BORC,41.777,41.268,0.06,3.7,0.43,0.43,-0.007,Reilinger,3.700486455
BORU,48.506,33.772,-4.61,14.29,1.66,1.66,0.009,Raeesi,15.01519897
BRBS,56.3206,27.2072,5,23.18,0.26,0.27,0.006,IPGN,23.71312717
BRMN,47.2884,37.919,1.34,13.01,0.17,0.11,0.008,IPGN,13.0788264
BRSR,56.721,29.997,0.75,15.45,1.69,1.68,0.002,Raeesi,15.46819317
BSOF,45.7316,38.674,4.52,10.82,0.12,0.12,0.011,IPGN,11.72615879
BTMN,41.154,37.864,-6.43,15.27,0.81,0.81,0,Reilinger,16.5685787
BUR0,44.287,40.381,2.08,7.4,0.41,0.4,-0.019,Reilinger,7.686767851
BZGN,44.3922,39.3792,4.97,7.95,0.22,0.41,0.002,IPGN,9.375681309
CATK,43.061,38.007,-2.99,13.24,0.82,0.81,-0.003,Reilinger,13.57341888
CHBR,60.6511,25.2808,2.09,4.85,0.32,0.89,0.001,IPGN,5.281155177
CHEL,50.098,32.482,-4.21,17.36,1.64,1.62,0,Raeesi,17.863194
CHIT,51.2132,35.7287,-1.55,12.31,0.44,0.47,0.002,IPGN,12.40719952
CHO0,44.276,40.736,1.67,7.41,0.44,0.42,-0.019,Reilinger,7.595854132
CHSH,50.988,35.088,-1.76,11.19,0.43,0.43,-0.001,Raeesi,11.32756373
CHSM,50.9894,35.0876,-1.2,12.13,0.1,0.09,0.019,IPGN,12.18921244
CMCV,57.76,30.537,0.44,9.11,1.64,1.62,0.002,Raeesi,9.120619497
DAMA,52.059,35.701,-1.63,9.63,0.38,0.38,0.01,Raeesi,9.766974967
DAMO,47.744,39.513,7.22,14.71,0.5,0.47,-0.019,Raeesi,16.38635103
DAND,48.183,36.607,0.51,12.11,0.66,0.69,-0.009,Raeesi,12.1207343
DARG,57.589,35.915,-0.26,5.95,0.54,0.54,-0.009,Raeesi,5.955677963
DASH,51.814,29.945,-2.16,15.13,1.57,1.56,0,Raeesi,15.28340603
DBST,57.3302,29.2377,2.87,11.85,0.41,0.83,0.001,IPGN,12.19259611
DBYZ,44.145,39.556,3.71,7.97,0.71,0.72,-0.03,Reilinger,8.791188771
DEDA,50.578,30.99,-0.29,17.36,1.64,1.62,0,Raeesi,17.36242207
DEH2,54.7,28.645,-3.03,13.4,1.28,1.28,0.002,Raeesi,13.73830048
DELO,47.429,32.692,-1.56,16.56,1.76,1.75,0.009,Raeesi,16.63331597
DENA,56.504,28.529,4.27,14.19,1.04,0.96,-0.014,Raeesi,14.81853569
DESL,59.297,31.196,2.06,7.2,1.6,1.59,0.002,Raeesi,7.48889845
DEZF,48.678,32.657,-4.02,17.98,1.66,1.65,0.009,Raeesi,18.42391924
DOGH,58.869,35.108,0.36,5.08,0.64,0.63,-0.016,Raeesi,5.092739931
DRGZ,59.0692,37.4662,-0.3,0.93,0.2,0.19,0.007,IPGN,0.977189848
ERZM,41.3,39.973,-0.34,4.93,0.93,0.98,-0.023,Reilinger,4.94171023
ERZR,41.255,39.906,-0.17,4.35,0.87,0.87,-0.003,Reilinger,4.353320572
ESFA,57.427,37.159,0.87,4.71,0.64,0.65,-0.012,Raeesi,4.789676398
ESFN,57.4946,37.0495,0.87,6.07,0.16,0.18,0.007,IPGN,6.132030659
FAR2,52.106,28.851,-3.08,19.15,1.17,1.16,-0.01,Raeesi,19.39610528
FARM,59.843,35.6961,-0.33,2.27,0.11,0.12,0.014,IPGN,2.293861373
FERD,58.1831,34.0307,-1.25,8.23,0.09,0.11,0.019,IPGN,8.324385863
FINO,55.867,27.651,0.97,18.93,2.33,2.19,0.021,Raeesi,18.95483579
FOIM,51.166,35.4093,-1.29,12.25,0.11,0.11,0.014,IPGN,12.31773518
FOPM,50.84,35.7648,-1.26,11.93,0.2,0.17,0.005,IPGN,11.99635361
GARD,59.197,35.495,-0.3,2.72,0.65,0.64,-0.027,Raeesi,2.736494107
GARM,51.6457,35.985,-1.57,10.43,0.1,0.14,0.023,IPGN,10.54750207
GARN,44.742,40.149,1.17,7.14,1.11,1.11,0,Reilinger,7.235226327
GEG0,44.81,40.16,1.83,8.61,0.49,0.48,-0.014,Reilinger,8.802329237
GENO,56.162,27.366,3.58,20.83,2.34,2.18,0.021,Raeesi,21.13540395
GHAB,54.989,36.43,-0.09,10,0.71,0.72,0.01,Raeesi,10.00040499
GHAR,49.851,35.14,-1.92,13.59,0.74,0.72,-0.001,Raeesi,13.72495902
GHO1,49.812,36.699,-1.37,12.77,0.68,0.71,0,Raeesi,12.8432784
GHOL,57.217,28.01,1.67,14.9,0.98,0.9,-0.002,Raeesi,14.99329517
GHOT,44.428,38.489,-0.7,13.3,1.07,1.08,-0.009,Reilinger,13.31840831
GLMT,59.4485,27.4822,3.76,6.39,0.24,0.27,0.008,IPGN,7.41415538
GNDG,54.4141,34.0401,-0.08,12.94,0.59,0.42,0.014,IPGN,12.94024729
GONA,58.6835,34.3731,-0.49,6.3,0.1,0.09,0.02,IPGN,6.319026824
GORI,47.739,33.057,-3.69,17.04,1.72,1.71,0.009,Raeesi,17.43495627
GORI,46.367,39.511,4.95,10.7,0.36,0.36,0.001,Reilinger,11.78950805
GOSM,48.419,38.706,5.18,13.09,0.95,0.83,0.002,Raeesi,14.07765961
GOT2,53.631,28.624,-1.76,16.26,1.3,1.29,0.001,Raeesi,16.35497478
GOTR,55.791,31.416,0.38,11.39,1.62,1.62,0.001,Raeesi,11.39633713
GRME,56.264,37.042,-0.56,8.25,0.52,0.53,-0.012,Raeesi,8.268984218
GWAD,62.3203,25.144,4.99,7.69,0.34,0.31,0.036,Frohling,9.167126049
HAJT,60.502,31.573,1.71,2.6,1.21,1.2,0.005,Raeesi,3.111928662
HAMD,48.5343,34.8691,-1.39,13.01,0.15,0.11,0.01,IPGN,13.08404372
HARA,54.608,30.079,0.4,13.61,0.41,0.39,0.016,Raeesi,13.61587676
HASH,48.922,37.764,2.49,11.8,0.44,0.46,0.004,Raeesi,12.05985489
HEFZ,48.458,38,4.13,12.21,0.81,0.85,-0.018,Raeesi,12.88956943
HELI,52.305,36.206,-2.47,10.03,0.58,0.56,0.02,Raeesi,10.32965634
HINI,41.696,39.369,-0.47,7.54,0.8,0.79,-0.003,Reilinger,7.554634339
HJBD,60.0098,33.6039,0.62,2.24,0.23,0.27,0.007,IPGN,2.324220299
HMEH,40.596,36.584,-5.6,15.23,0.52,0.53,0.001,Reilinger,16.22691899
HORS,42.167,40.042,0.02,7.06,0.76,0.76,-0.009,Reilinger,7.060028329
HOSN,48.2534,32.6699,-3.76,15.1,0.27,0.28,0.003,IPGN,15.56109251
HRMK,57.917,29.642,2.9,10.4,1.62,1.6,0.003,Raeesi,10.79675877
HSAD,57.465,29.371,2.71,14.72,1.61,1.61,0.002,Raeesi,14.9673812
HSGD,50.747,36.0067,-1.68,11.5,0.1,0.11,0.017,IPGN,11.62206522
HSTD,47.0942,37.5762,-0.94,13.89,0.11,0.15,0.008,IPGN,13.92177072
IGIR,44.018,39.929,3.42,5.79,0.8,0.79,-0.004,Reilinger,6.724618948
IJEV,45.139,40.907,3.32,7.35,0.49,0.47,0,Reilinger,8.065041847
ILAM,46.427,33.648,-3.79,16.69,1.1,1.07,0.028,Raeesi,17.11491163
ILLM,46.3974,33.5887,-3.55,16.78,0.1,0.1,0.016,IPGN,17.15141102
INGU,42.062,42.721,-0.95,3.05,0.39,0.39,0,Reilinger,3.194526569
IRAJ,56.445,30.775,-0.08,13.7,1.6,1.6,0.002,Raeesi,13.70023357
ISBA,44.4384,33.3414,-2.41,17.69,0.29,0.38,0,IPGN*,17.85340864
ISER,44.011,36.16,-3.04,17.33,1.35,1.35,0.003,Reilinger,17.59461565
ISL2,53.066,28.347,-2.48,16.4,1.2,1.21,0.001,Raeesi,16.5864523
ISNA,44.353,32.013,-1.42,17.29,0.62,0.62,0.044,Reilinger,17.34821316
ISSD,43.673,34.601,-2.61,18.61,0.73,0.74,0.019,Reilinger,18.79213133
JAM1,45.049,39.297,4.83,10.64,0.72,0.73,-0.003,Raeesi,11.68496898
JASC,57.7699,25.6375,1.86,12.81,0.19,0.16,0.006,IPGN,12.94433081
JASK,57.7639,25.6495,2.06,14.82,0.49,1,0.004,IPGN,14.96248642
JERM,45.661,39.837,4.89,11.54,0.97,0.93,-0.016,Raeesi,12.53330363
JOLF,45.605,38.952,3.85,11.48,0.71,0.71,-0.004,Raeesi,12.10838139
JOZA,48.952,34.256,-3.48,15.82,0.73,0.7,-0.002,Raeesi,16.19823447
KAL2,43.341,38.549,-5.56,12.82,0.66,0.65,0,Reilinger,13.97376113
KALT,59.6404,36.3913,-0.43,1.4,0.17,0.19,0.006,IPGN,1.464547712
KAN2,52.056,27.834,-0.38,22.02,1.25,1.27,-0.01,Raeesi,22.02327859
KAR0,44.657,40.101,2.66,7.97,0.76,0.78,-0.005,Reilinger,8.402172338
KARM,46.459,39.315,3.68,12.33,1.32,0.83,0,Reilinger,12.86745119
KARS,43.17,40.685,1.45,5.63,0.55,0.54,-0.012,Reilinger,5.81372514
KASP,46.758,40.184,3.65,11.03,0.74,0.66,0,Reilinger,11.61823567
KATE,46.511,41.652,0.56,5,0.49,0.49,0,Reilinger,5.031262267
KATI,56.365,31.413,1.28,11.48,1.08,1.08,0.003,Raeesi,11.55113847
KBLG,44.5647,39.0306,4.38,9.86,0.25,0.14,0.005,IPGN,10.78906854
KCHI,67.1128,24.9314,6.45,29.03,0.14,0.11,0.004,Frohling,29.73791183
KERM,57.119,30.277,0.16,15.84,0.54,0.46,0.021,Raeesi,15.84080806
KHAF,60.1583,34.585,0.18,1.42,0.3,0.3,0.008,IPGN,1.431362987
KHAS,56.233,26.208,4.71,25.74,1.37,1.37,0.013,Raeesi,26.16737855
KHAV,46.265,38.736,5.46,10.02,0.69,0.69,-0.005,Raeesi,11.41104728
KHID,49.237,39.818,4.85,6.66,1.46,1.48,0,Reilinger,8.238816663
KHJE,46.5956,38.1517,2.77,10.11,0.18,0.18,0.005,IPGN,10.48260464
KHO2,54.126,29.923,-1.58,14.59,0.41,0.4,0.022,Raeesi,14.67530238
KHON,50.458,33.157,-2.9,13.4,0.75,0.72,0.008,Raeesi,13.71021517
KHOR,47.123,37.368,-2.63,13.54,0.56,0.57,0.013,Raeesi,13.79305985
KHOS,48.409,30.246,-0.26,19.27,1.15,1.1,0.017,Raeesi,19.27175394
KHSF,58.821,32.755,0.82,6.72,1.16,1.16,0.003,Raeesi,6.769844902
KHUR,55.0813,33.7693,0.11,11.46,0.1,0.1,0.019,IPGN,11.46052791
KISL,42.663,43.742,-0.21,0.82,0.56,0.56,-0.028,Reilinger,0.84646323
KIZ0,44.19,41.185,1.88,5.33,0.72,0.72,-0.009,Reilinger,5.651840408
KIZ2,40.65,37.246,-6.83,14.42,0.85,0.86,-0.005,Reilinger,15.95572938
KKDY,44.1599,39.3323,3.96,7.41,0.16,0.19,0.006,IPGN,8.401767671
KLBR,47.0323,38.8687,4.6,12.06,0.18,0.2,0.006,IPGN,12.90750169
KMSH,47.1247,34.3561,-1.01,10.44,1.17,0.5,0,IPGN,10.48874158
KOKU,41.793,38.753,-5.43,12.77,0.47,0.49,-0.024,Reilinger,13.87651974
KORD,54.199,36.86,-2.3,6.24,0.36,0.34,0.008,Raeesi,6.650383448
KRAD,48.2787,33.4334,-4.61,14.43,0.14,0.13,0.009,IPGN,15.14849828
KRD2,50.531,31.808,-4.67,15.42,1.62,1.61,0,Raeesi,16.11165106
KRES,44.486,42.447,0.23,3.7,0.46,0.45,0,Reilinger,3.707141756
KRKT,41.794,38.754,-5.05,11.91,0.91,0.93,-0.011,Reilinger,12.93640599
KRS1,43.093,40.588,1.59,5.01,0.82,0.82,-0.01,Reilinger,5.256253419
KRYZ,42.149,39.714,-1.74,8.49,0.86,0.77,0,Reilinger,8.66646987
KSHA,51.255,34.15,-2.81,13.14,0.4,0.38,-0.002,Raeesi,13.43710162
KSHM,58.473,35.2706,1.23,5.58,0.1,0.1,0.02,IPGN,5.713956598
KUDI,45.795,41.951,-0.79,5.21,0.56,0.53,0,Reilinger,5.269554061
KURD,48.148,40.333,3.88,9.84,0.76,0.66,0,Reilinger,10.57733426
KUWT,47.971,29.325,0.26,19.21,0.85,0.84,0,Reilinger,19.21175942
LALE,56.69,29.596,1.77,15.19,1.12,1.13,0.004,Raeesi,15.29277607
LAMB,54.004,26.883,1.52,21.15,1.41,1.28,0.002,Raeesi,21.20454904
LAMD,53.2034,27.3637,3.25,19.49,0.22,0.14,0.008,IPGN,19.75911435
LAR2,54.32,27.644,-0.42,18.11,1.36,1.37,0.012,Raeesi,18.11486958
LARZ,52.811,36.078,-2.49,8.2,0.68,0.69,0,Raeesi,8.569719949
MABD,52.2852,36.5884,-4.17,7.06,0.11,0.12,0.014,IPGN,8.19954267
MMAR02,55.956,37.845,-4.27,6.03,0.58,0.61,-0.013,Raeesi,7.388761737
MARD,40.728,37.311,-6.83,14.44,0.85,0.86,-0.005,Reilinger,15.97380668
MARG,48.891,37.187,-0.13,11.51,0.7,0.72,-0.009,Raeesi,11.51073412
MARV,52.752,29.798,-0.05,13.93,1.56,1.53,0,Raeesi,13.93008973
MAVT,55.9439,37.801,-4.56,6.19,0.12,0.13,0.012,IPGN,7.688283293
MEHR,52.157,35.868,-1.71,8.88,0.52,0.52,0.01,Raeesi,9.043146576
MF01,51.955,35.683,-1.31,9.97,0.42,0.42,0,Raeesi,10.0556949
MF02,51.797,35.801,-0.96,10.39,0.33,0.33,0,Raeesi,10.43425608
MF03,51.885,35.649,-1.41,10.89,0.32,0.32,0,Raeesi,10.9809016
MF04,52.117,35.258,-1.94,11.65,0.36,0.36,0,Raeesi,11.81042336
MF05,51.277,35.493,-0.68,12.2,0.44,0.43,0,Raeesi,12.21893612
MF06,50.543,35.227,-1.07,12.17,0.43,0.43,-0.001,Raeesi,12.21694725
MF07,52.008,35.897,-0.4,8.74,0.33,0.34,0,Raeesi,8.74914853
MF10,51.304,36.394,-2.5,11.48,0.46,0.47,0,Raeesi,11.74905954
MF12,51.315,36.15,-1.12,12.04,0.54,0.54,0.01,Raeesi,12.09198081
MF13,50.632,36.009,-1.1,11.57,0.44,0.44,0,Raeesi,11.62217277
MF15,51.613,35.988,-2.37,11.65,0.33,0.33,-0.01,Raeesi,11.88862482
MF16,51.665,35.724,-1.17,11.92,0.33,0.33,0,Raeesi,11.97728266
MF17,51.108,35.753,-1.43,10.9,0.32,0.33,0,Raeesi,10.99340257
MHAN,57.2884,30.0716,1.34,14.67,0.18,0.16,0.008,IPGN,14.7310726
MIAN,46.162,36.908,-2.1,14.18,0.38,0.35,0.005,Raeesi,14.3346573
MIDY,41.357,37.417,-5.82,13.6,1.05,1.06,0.001,Reilinger,14.79298482
MINA,57.1,27.16,1.05,22.56,2.21,2.05,0.022,Raeesi,22.58442162
MKLA,49.038,14.486,12.64,21.51,0.56,0.54,0.001,Reilinger,24.94894186
MMKN,44.771,37.9851,-2.06,13.63,0.49,0.39,0.001,IPGN,13.78479235
MMOR,44.114,40.178,2.73,6.7,0.65,0.64,-0.014,Reilinger,7.234839321
MMR0,44.091,40.178,2.09,7.07,0.42,0.41,-0.012,Reilinger,7.372448711
MNDB,46.0092,36.93,-0.95,13.3,0.19,0.17,0.005,IPGN,13.33388541
MOBA,51.808,34.977,0.09,10.71,0.77,0.76,0.04,Raeesi,10.71037814
MOBK,51.7947,35.0529,-0.63,12.29,0.12,0.13,0.013,IPGN,12.30613668
MOGH,48.049,39.013,5.79,11.53,0.82,0.85,-0.017,Raeesi,12.90213161
MOSH,57.62,26.993,1.11,13.51,2.25,2.11,0.022,Raeesi,13.55552286
MRAD,43.759,38.997,-0.51,11.08,0.73,0.54,-0.038,Reilinger,11.09173115
MRQD,40.761,35.754,-4.45,15.36,0.51,0.52,0.008,Reilinger,15.99162593
MSHN,59.4798,36.3347,-0.1,1.38,0.1,0.1,0.021,IPGN,1.383618445
MURA,43.763,38.99,-0.07,10,0.78,0.78,-0.003,Reilinger,10.000245
MUSC,58.569,23.564,5.94,26.48,0.75,0.63,0,Reilinger,27.13805446
NEBA,60.047,31.573,1.34,6.23,1.3,1.3,0.004,Raeesi,6.372479894
NEHB,60.0382,31.542,2.25,6.11,0.35,0.47,0.003,IPGN,6.511113576
NEYA,50.045,36.401,-2.21,11.43,0.76,0.8,0,Raeesi,11.64169232
NICH,44.526,41.831,0.97,6.3,0.45,0.43,0,Reilinger,6.374237209
NINO,43.891,41.537,0.98,4.36,0.49,0.46,0,Reilinger,4.468780594
NKAD,51.3098,36.685,-3.43,9.59,0.13,0.16,0.009,IPGN,10.18493986
NKSR,60.2536,26.2536,2.09,5.38,0.44,0.37,0.006,IPGN,5.77169819
NOGH,59.937,32.988,1.54,5.54,1.01,1.01,0.004,Raeesi,5.750060869
NORA,46.093,39.536,4.11,11.13,1.07,0.96,0.013,Raeesi,11.86461125
NOSH,51.768,36.586,-4.08,10.47,1.93,1.75,0,Raeesi,11.23687234
NSSP,44.5029,40.2265,2.29,7.09,0.16,0.15,0.007,IPGN*,7.450650978
NYBD,57.397,32.492,-0.24,9.68,1.26,1.27,0.002,Raeesi,9.68297475
NZSF,45.1144,38.9988,4.42,9.64,0.17,0.28,0.004,IPGN,10.60499882
ODZ0,44.593,41.055,3.07,7.02,0.69,0.69,-0.01,Reilinger,7.661938397
OLTU,41.99,40.548,0.92,3.74,0.79,0.81,-0.046,Reilinger,3.851493217
ORMA,64.6339,25.2088,2.89,13.16,1.16,1.08,0.014,Frohling,13.47359269
ORTA,47.869,37.929,3.5,13.87,0.61,0.61,0.003,Raeesi,14.30478591
OSL2,52.607,27.474,-1.16,22.99,1.89,1.81,0,Raeesi,23.0192463
OZAL,43.989,38.657,-2.25,14.84,0.76,0.76,-0.002,Reilinger,15.00960026
PANG,64.1096,26.9778,1.56,1.85,0.78,0.73,0.033,Frohling,2.419938016
PASN,63.4684,25.2588,4.01,17.14,1.11,0.97,0.024,Frohling,17.60283216
PISH,51.885,35.224,-0.76,10.97,0.52,0.51,0.01,Raeesi,10.99629483
PLOR,52.064,35.8496,-1.72,8.93,0.11,0.27,0.007,IPGN,9.094135473
PLZI,51.971,35.6303,-1.31,10.25,0.15,0.18,0.006,IPGN,10.33337312
PMBK,44.55,40.84,2.93,7.28,0.69,0.69,-0.007,Reilinger,7.847502788
POLD,45.0615,39.3514,4.86,9.66,0.14,0.16,0.006,IPGN,10.81365803
POOL,51.5742,36.4031,-2.97,9.91,0.13,0.16,0.009,IPGN,10.34548211
POOS,57.237,26.379,2.49,23.08,2.39,2.23,0.021,Raeesi,23.21392901
PTNS,42.91,39.232,-2.5,9.13,0.38,0.32,0.001,Reilinger,9.466092119
QAE2,59.188,33.663,-0.59,5.33,0.75,0.72,0.006,Raeesi,5.362555361
QAEN,59.176,33.74,-0.14,5.61,0.1,0.11,0.018,IPGN,5.611746609
QIR2,53.029,28.477,-3.21,15.39,1.18,1.19,0.001,Raeesi,15.72120224
QOMS,51.799,32.25,-2.73,14.19,0.74,0.7,0,Raeesi,14.45022491
QUCH,58.5373,37.0707,-0.5,2.38,0.17,0.1,0.011,IPGN,2.431953947
RAIN,57.584,29.762,1.7,14.48,1.59,1.59,0.002,Raeesi,14.57945129
RAVR,56.8092,31.252,0.85,12.19,0.11,0.16,0.011,IPGN,12.21959901
RAZ0,44.718,40.52,3,7.31,0.88,0.94,-0.01,Reilinger,7.901651726
RAZD,55.8,28.33,3.62,15.4,0.99,0.99,0.015,Raeesi,15.81974715
ROBA,56.07,33.369,0.56,10.25,0.43,0.4,0.011,Raeesi,10.26528616
ROKM,51.0983,35.4872,-1.21,11.49,0.4,0.36,0.001,IPGN,11.55353626
RSHT,49.6244,37.323,-2.29,12.89,0.1,0.1,0.017,IPGN,13.09183715
RTCL,51.711,35.5744,-0.37,11.24,0.65,0.3,0,IPGN,11.24608821
RTKM,51.0989,35.4864,-1.17,11.46,0.22,0.26,0.004,IPGN,11.5195703
SA10,43.951,40.108,2.35,7.2,0.43,0.42,-0.013,Reilinger,7.573803536
SA20,43.807,40.097,2.42,6.83,0.43,0.42,-0.012,Reilinger,7.246054099
SAA2,53.146,30.087,-0.98,12.93,1.17,1.13,0.001,Raeesi,12.96708525
SABZ,57.6528,36.1849,1.17,7.85,0.15,0.27,0.005,IPGN,7.936712166
SAFI,57.9213,36.6982,-0.2,4.32,0.2,0.1,0.009,IPGN,4.324627152
SAGZ,46.3112,36.2211,-2.44,15,0.16,0.23,0.004,IPGN,15.19715763
SALF,50.4686,34.4842,-1.62,13.04,0.1,0.09,0.02,IPGN,13.14024353
SALY,49.02,39.676,6.52,6.38,1.38,1.41,0,Reilinger,9.122214643
SAMU,48.529,41.595,0.25,1.15,0.74,0.66,0,Reilinger,1.17686023
SARB,59.955,32.578,1.75,5.83,1.18,1.19,0.004,Raeesi,6.086986118
SARD,50.026,30.325,-2.7,20.6,1.68,1.66,-0.001,Raeesi,20.77618829
SARK,61.1486,36.5368,-0.25,1.72,0.12,0.19,0.009,IPGN,1.738073646
SARZ,56.946,27.488,-1.75,19,2.27,2.12,0.021,Raeesi,19.0804219
SBAK,55.1075,30.1462,-0.33,13.69,0.12,0.11,0.015,IPGN,13.69397678
SDAD,57.6817,30.4122,1.84,8.37,0.19,0.2,0.006,IPGN,8.569859976
SEDE,52.179,30.726,-0.4,11.86,1.54,1.52,0,Raeesi,11.86674345
SEMD,44.574,37.305,-3.2,14.87,0.89,0.89,0.011,Reilinger,15.21042077
SEMI,51.43,31.225,-4.27,14.02,1.63,1.62,0,Raeesi,14.65582819
SEMN,53.564,35.662,-0.02,8.87,0.42,0.4,0.011,Raeesi,8.870022548
SEND,55.929,31.713,0.18,12.53,1.06,1.06,0.003,Raeesi,12.53129283
SEPI,51.358,30.61,-2.63,15.99,1.57,1.57,0,Raeesi,16.20484495
SFHN,51.7061,32.5177,-0.57,13.1,0.33,0.12,0.005,IPGN,13.1123949
SHA0,44.528,40.753,3.28,7.15,0.75,0.75,-0.012,Reilinger,7.866441381
SHA1,53.492,36.679,-4.6,8.21,0.74,0.76,0.01,Raeesi,9.410850121
SHAB,45.887,38.228,1.75,12.63,0.38,0.37,0.024,Raeesi,12.75066273
SHAH,50.748,32.367,-2.48,12.99,0.4,0.38,-0.015,Raeesi,13.2246172
SHAM,58.431,37.57,-0.63,2.32,0.66,0.66,-0.023,Raeesi,2.404017471
SHAN,51.775,28.4,-0.92,18.01,1.62,1.6,0,Raeesi,18.03348275
SHEK,47.25,41.132,0.65,5.47,0.5,0.5,0,Reilinger,5.508484365
SHIK,49.426,40.025,3.56,1.78,0.53,0.51,0,Reilinger,3.980201
SHIR,57.308,37.814,-2.79,3.55,0.45,0.41,0.002,Raeesi,4.515152268
SHKH,60.296,33.654,0.16,1.65,0.96,0.9,-0.015,Raeesi,1.657739425
SHOL,49.668,33.073,-0.84,14.04,0.74,0.71,-0.002,Raeesi,14.06510576
SHOR,51.8842,35.2772,-1.05,13.62,0.17,0.12,0.009,IPGN,13.66041361
SHOU,46.76,39.753,4.55,10.75,0.44,0.42,0,Reilinger,11.67326004
SHRN,57.8227,37.4372,-2.78,3,0.52,0.82,0.001,IPGN,4.090036675
SHRZ,52.6026,29.5444,-0.65,14.13,0.11,0.11,0.015,IPGN,14.14494256
SHUA,42.133,41.648,0.81,3.31,1.33,0.82,-0.016,Reilinger,3.407667824
SIRT,41.936,37.932,-4.61,15.23,1.5,1.51,-0.002,Reilinger,15.91241654
SIYE,49.12,41.066,0.52,1.89,0.68,0.61,0,Reilinger,1.960229578
SKOH,46.1229,37.9332,0,12.55,0.11,0.16,0.009,IPGN,12.55
SLNY,42.259,44.891,-1.03,1.85,0.49,0.39,-0.057,Reilinger,2.117404071
SMNN,53.4207,35.5882,-0.85,10.33,0.33,0.15,0.004,IPGN,10.36491196
SNDJ,47.0146,35.2552,-3.3,14,0.37,0.35,0.001,IPGN,14.3836713
SOLA,46.4006,24.9107,4.88,19.53,0.12,0.1,0.015,IPGN*,20.13045702
SOLE,49.328,32.037,-3.64,18.31,1.65,1.64,0.009,Raeesi,18.66830737
SOLH,41.057,38.959,-6.91,13.98,1.01,1.1,-0.017,Reilinger,15.59450224
SORC,57.884,27.901,1.37,13.36,2.24,2.05,0.022,Raeesi,13.43005957
SRCH,55.885,30.014,1.02,14.06,1.67,1.66,0.001,Raeesi,14.09695002
SRJN,55.707,29.304,0.76,15.15,1.64,1.63,0.002,Raeesi,15.16905073
SRVN,62.3183,27.3902,2.26,3.47,0.25,0.17,0.003,IPGN,4.14107474
STEP,44.364,41.031,2.32,5.02,0.5,0.5,-0.041,Reilinger,5.530171788
SVR2,53.244,29.281,-2.54,13.95,1.15,1.15,0.001,Raeesi,14.17935471
SYON,48.773,15.947,11.3,19.54,0.7,0.66,0,Reilinger,22.57214212
TABS,56.9507,33.6034,-0.44,9.82,0.15,0.15,0.008,IPGN,9.829852491
TABZ,46.3433,38.0557,1.22,10.83,0.24,0.19,0.003,IPGN,10.8984999
TANG,52.043,35.492,-0.85,9.97,0.36,0.36,0.01,Raeesi,10.0061681
TASJ,45.3606,38.316,0.22,13.97,0.11,0.1,0.012,IPGN,13.97173218
TAZA,47.271,38.27,3.29,12.22,0.59,0.61,-0.005,Raeesi,12.6551373
TEHN,51.3341,35.6973,-0.43,11.28,0.16,0.1,0.01,IPGN,11.28819295
TEHR,51.386,35.747,-0.65,12.94,0.79,0.75,0.01,Raeesi,12.95631506
TF01,51.257,35.812,-1.6,12.9,0.42,0.42,0.01,Raeesi,12.9988461
TF09,51.425,35.833,-1.25,12.56,0.5,0.5,0.01,Raeesi,12.62204817
TF16,51.522,35.774,-1.7,12.36,0.41,0.41,0.01,Raeesi,12.47636165
TF20,51.568,35.808,-3.19,11.43,0.51,0.52,0.01,Raeesi,11.86680243
TFSH,50.0521,34.676,-1.56,12.82,0.1,0.1,0.018,IPGN,12.91456542
THED,59.2187,35.347,0.65,3.99,0.13,0.16,0.012,IPGN,4.042598174
TJAM,60.5642,35.2944,-0.19,2.49,0.16,0.18,0.009,IPGN,2.497238475
TKBN,50.9301,36.7859,-3.22,9.94,0.1,0.11,0.015,IPGN,10.44854057
TKCE,47.3928,37.5794,-0.11,12.66,0.29,0.17,0.003,IPGN,12.66047787
TKMN,41.512,39.643,-2.03,6.94,1,1.01,-0.005,Reilinger,7.230802169
TLGN,50.745,36.1436,-3.43,11.42,0.34,0.18,0.002,IPGN,11.92398004
TMN2,54.316,29.239,-2.8,13.15,1.2,1.21,0.002,Raeesi,13.44479453
TN01,51,35.493,-1.03,13.22,0.7,0.7,0.02,Raeesi,13.2600641
TN02,51.17,35.203,-0.68,12.99,0.45,0.46,0.009,Raeesi,13.00778613
TN03,51.379,35.366,-0.78,12.85,0.48,0.49,0.01,Raeesi,12.87365139
TN04,51.409,35.495,-1.28,13.3,0.46,0.47,0.01,Raeesi,13.36145202
TN05,51.515,35.633,-0.31,11.41,0.49,0.5,0.01,Raeesi,11.41421044
TN06,51.724,35.55,-0.46,11.3,0.4,0.4,0.01,Raeesi,11.30935896
TN07,51.994,35.763,-1.75,9.72,0.47,0.48,0.01,Raeesi,9.876279664
TORQ,59.6275,36.2241,0.79,0.82,0.15,0.13,0.01,IPGN,1.138639539
TOTI,58.532,33.019,-0.15,8.65,0.8,0.78,0.016,Raeesi,8.65130048
TPTG,57.2485,34.9019,0.59,8.64,0.37,0.54,0.008,IPGN,8.660121246
TRAB,39.7756,40.9947,-0.56,2.04,0.33,0.28,-0.003,IPGN*,2.115466852
TVAN,42.29,38.529,-3.37,15.28,0.81,0.81,-0.008,Reilinger,15.64721381
UDER,41.548,40.531,0.19,3.55,0.81,0.81,-0.018,Reilinger,3.555080871
VAAN,43.283,38.565,-4.72,12.96,1.01,1.02,-0.005,Reilinger,13.79275172
VLDN,45.1933,38.4915,2.84,13.52,0.13,0.13,0.01,IPGN,13.81506424
VLKK,44.677,43.046,0.64,2.37,1.07,1.08,-0.01,Reilinger,2.454893073
VRMN,51.632,35.344,-0.77,12.72,0.25,0.63,0,Raeesi,12.74328451
VRTO,41.454,39.186,-5.3,10.31,0.49,0.51,-0.024,Reilinger,11.59250189
YAGH,52.235,29.617,-1.74,15.07,1.54,1.53,0,Raeesi,15.17011865
YARD,48.388,38.952,5.41,13.9,0.97,0.89,0.002,Raeesi,14.91569978
YIBL,56.1123,22.1865,6.58,24.69,0.24,0.17,0.001,IPGN*,25.55176119
YKKZ,45.4142,38.6721,4.43,10.68,0.19,0.11,0.008,IPGN,11.56232243
ZABL,61.7159,30.8413,1.46,1.97,0.13,0.18,0.009,IPGN,2.452039967
ZABO,61.517,31.049,0.6,1.95,1.34,1.23,0.015,Raeesi,2.040220576
ZARI,44.5498,38.4458,-0.07,13.67,0.11,0.14,0.01,IPGN,13.67017922
ZECK,41.5651,43.7884,-0.51,0.67,0.13,0.11,0.01,IPGN*,0.842021377
ZHAO,65.6053,26.3927,5.1,13.04,0.86,0.8,0.035,Frohling,14.00184274
ZMAN,56.7719,35.5896,0.27,9.67,0.53,0.56,0.012,IPGN,9.673768655
ZRND,56.6077,30.8332,-1.06,13.66,0.2,0.25,0.006,IPGN,13.70106565
ZVNG,58.515,36.438,1.94,3.52,0.67,0.67,-0.02,Raeesi,4.019203901
